"","ModelID","species","RMSE_loo","dev.ex","AIC","Hit","variables","RMSE5","RMSE10"
"1",1,"Sablefish",1.565,0.0398,93.1779999621155,0.44,"DDpre  ",1.787,1.368
"2",2,"Sablefish",1.579,0.0016,94.1184114194407,0.44,"Tpre  ",1.413,1.246
"3",3,"Sablefish",1.575,0.0643,93.5047856928373,0.24,"DDegg  ",1.629,1.421
"4",4,"Sablefish",1.531,0.0332,93.3134667836879,0.44,"Tspawn  ",1.593,1.338
"5",5,"Sablefish",1.592,0.0677,93.3585809455745,0.28,"DDyolk  ",1.748,1.493
"6",6,"Sablefish",1.547,0.0096,93.9168113192864,0.36,"DDlarv  ",1.596,1.375
"7",7,"Sablefish",1.639,0.047,92.9547359720302,0.4,"DDpjuv  ",1.783,1.463
"8",8,"Sablefish",1.673,0.1023,92.7624484697372,0.44,"DDbjuv  ",1.482,1.311
"9",9,"Sablefish",1.496,0.0039,94.0598601537814,0.56,"MLDegg  ",1.27,1.166
"10",10,"Sablefish",1.526,0.0019,94.112377072892,0.44,"LSTegg  ",1.291,1.209
"11",11,"Sablefish",1.553,0.017,93.7288687305844,0.36,"LSTyolk  ",1.328,1.356
"12",12,"Sablefish",1.503,0.0394,93.1528695722451,0.44,"LSTlarv  ",1.336,1.183
"13",13,"Sablefish",1.507,0.0908,91.9452995473053,0.48,"LSTpjuv  ",1.195,1.066
"14",14,"Sablefish",1.426,0.3021,86.9582476119872,0.6,"LSTbjuv  ",1.05,1.164
"15",15,"Sablefish",1.436,0.1784,90.6108088104773,0.48,"CSTegg  ",1.487,1.388
"16",16,"Sablefish",1.449,0.1354,91.9886275734298,0.56,"CSTyolk  ",1.334,1.581
"17",17,"Sablefish",1.497,0.0485,92.9473059762965,0.32,"CSTlarv  ",1.212,1.239
"18",18,"Sablefish",1.472,0.1539,90.7946161053071,0.6,"CSTpjuv  ",1.457,1.32
"19",19,"Sablefish",1.588,0.0602,92.6066816250884,0.52,"CSTbjuv  ",1.425,1.276
"20",20,"Sablefish",1.721,0.0423,95.0769877434855,0.36,"DDpre Tpre ",1.787,1.368
"21",21,"Sablefish",1.65,0.1207,94.1155976911782,0.48,"DDegg DDpre ",1.629,1.421
"22",22,"Sablefish",1.777,0.1443,93.5284474532721,0.44,"DDpre Tspawn ",1.787,1.368
"23",23,"Sablefish",1.668,0.1106,94.2942478722503,0.48,"DDpre DDyolk ",1.787,1.368
"24",24,"Sablefish",1.644,0.0434,95.049208532613,0.4,"DDlarv DDpre ",1.596,1.375
"25",25,"Sablefish",1.597,0.0625,94.8026566343582,0.48,"DDpre MLDegg ",1.787,1.368
"26",26,"Sablefish",1.621,0.0404,95.1265897380243,0.44,"DDpre LSTegg ",1.787,1.368
"27",27,"Sablefish",1.683,0.0529,94.801071023203,0.4,"DDpre LSTyolk ",1.787,1.368
"28",28,"Sablefish",1.588,0.0756,94.1939748415764,0.4,"DDpre LSTlarv ",1.787,1.368
"29",29,"Sablefish",1.533,0.1884,92.2299024092434,0.44,"CSTegg DDpre ",1.487,1.388
"30",30,"Sablefish",1.541,0.1622,93.1414736645817,0.48,"CSTyolk DDpre ",1.334,1.581
"31",31,"Sablefish",1.544,0.1028,93.4460783096434,0.4,"CSTlarv DDpre ",1.212,1.239
"32",32,"Sablefish",1.504,0.1398,92.39249330737,0.56,"CSTpjuv DDpre ",1.457,1.32
"33",33,"Sablefish",1.613,0.2043,91.6118552600053,0.44,"CSTbjuv DDpre ",1.425,1.276
"34",34,"Sablefish",1.706,0.054,94.7713404582122,0.44,"Tpre Tspawn ",1.413,1.246
"35",35,"Sablefish",1.865,0.0695,94.3579405981395,0.32,"DDpjuv Tpre ",1.783,1.463
"36",36,"Sablefish",1.829,0.1076,94.6104835760558,0.4,"DDbjuv Tpre ",1.482,1.311
"37",37,"Sablefish",1.62,0.0057,96.0159480212856,0.24,"LSTegg Tpre ",1.291,1.209
"38",38,"Sablefish",1.634,0.02,95.6532772003059,0.28,"LSTyolk Tpre ",1.328,1.356
"39",39,"Sablefish",1.579,0.0478,94.93527277153,0.36,"LSTlarv Tpre ",1.336,1.183
"40",40,"Sablefish",1.629,0.0885,93.8509132156433,0.44,"LSTpjuv Tpre ",1.195,1.066
"41",41,"Sablefish",1.455,0.3123,88.5922423534554,0.56,"LSTbjuv Tpre ",1.05,1.164
"42",42,"Sablefish",1.741,0.184,92.4409293111965,0.36,"CSTegg Tpre ",1.487,1.388
"43",43,"Sablefish",1.637,0.1351,93.9690363682959,0.44,"CSTyolk Tpre ",1.334,1.581
"44",44,"Sablefish",1.617,0.0473,94.9477550084568,0.32,"CSTlarv Tpre ",1.212,1.239
"45",45,"Sablefish",1.783,0.1529,92.784679673324,0.6,"CSTpjuv Tpre ",1.457,1.32
"46",46,"Sablefish",1.646,0.0605,94.5988996880247,0.48,"CSTbjuv Tpre ",1.425,1.276
"47",47,"Sablefish",1.608,0.1312,93.919184472805,0.44,"DDegg Tspawn ",1.629,1.421
"48",48,"Sablefish",1.843,0.1498,94.0666628106407,0.4,"DDbjuv DDegg ",1.482,1.311
"49",49,"Sablefish",1.643,0.0693,95.3677514936891,0.16,"DDegg MLDegg ",1.629,1.421
"50",50,"Sablefish",1.606,0.0994,94.7965863298905,0.28,"DDegg LSTegg ",1.629,1.421
"51",51,"Sablefish",1.662,0.057,95.4055423247889,0.12,"DDegg LSTyolk ",1.629,1.421
"52",52,"Sablefish",1.59,0.0566,95.0492098077775,0.32,"DDegg LSTlarv ",1.629,1.421
"53",53,"Sablefish",1.592,0.1288,93.366209569696,0.44,"DDegg LSTpjuv ",1.629,1.421
"54",54,"Sablefish",1.495,0.3053,88.8362126058297,0.6,"DDegg LSTbjuv ",1.629,1.421
"55",55,"Sablefish",1.664,0.1882,92.4278273589444,0.36,"CSTegg DDegg ",1.487,1.388
"56",56,"Sablefish",1.497,0.2292,92.481356218208,0.4,"CSTyolk DDegg ",1.334,1.581
"57",57,"Sablefish",1.598,0.1021,94.3189844455067,0.32,"CSTlarv DDegg ",1.212,1.239
"58",58,"Sablefish",1.6,0.2006,92.1691169851222,0.48,"CSTpjuv DDegg ",1.457,1.32
"59",59,"Sablefish",1.658,0.0691,94.3685721071924,0.4,"CSTbjuv DDegg ",1.425,1.276
"60",60,"Sablefish",1.578,0.1644,93.1047109493756,0.44,"DDyolk Tspawn ",1.748,1.493
"61",61,"Sablefish",1.639,0.0643,95.0453870809008,0.44,"DDlarv Tspawn ",1.596,1.375
"62",62,"Sablefish",2.018,0.0744,94.2264575525822,0.56,"DDpjuv Tspawn ",1.783,1.463
"63",63,"Sablefish",1.814,0.1495,93.484220968902,0.44,"DDbjuv Tspawn ",1.482,1.311
"64",64,"Sablefish",1.558,0.0384,95.1790895881843,0.52,"MLDegg Tspawn ",1.27,1.166
"65",65,"Sablefish",1.582,0.0338,95.2997772085465,0.4,"LSTegg Tspawn ",1.291,1.209
"66",66,"Sablefish",1.596,0.0481,94.9260246617605,0.52,"LSTyolk Tspawn ",1.328,1.356
"67",67,"Sablefish",1.564,0.0692,94.3668036230346,0.56,"LSTlarv Tspawn ",1.336,1.183
"68",68,"Sablefish",1.552,0.1647,92.0746715954855,0.56,"LSTpjuv Tspawn ",1.195,1.066
"69",69,"Sablefish",1.537,0.3661,86.583821188227,0.56,"LSTbjuv Tspawn ",1.05,1.164
"70",70,"Sablefish",1.491,0.2069,91.6776166614269,0.4,"CSTegg Tspawn ",1.487,1.388
"71",71,"Sablefish",1.503,0.1637,93.1331880278996,0.64,"CSTyolk Tspawn ",1.334,1.581
"72",72,"Sablefish",1.544,0.082,94.0196718171353,0.48,"CSTlarv Tspawn ",1.212,1.239
"73",73,"Sablefish",1.525,0.2186,90.814173335717,0.64,"CSTpjuv Tspawn ",1.457,1.32
"74",74,"Sablefish",1.629,0.0914,93.7619964669468,0.48,"CSTbjuv Tspawn ",1.425,1.276
"75",75,"Sablefish",1.844,0.1528,93.7705332914712,0.44,"DDbjuv DDyolk ",1.482,1.311
"76",76,"Sablefish",1.641,0.0701,95.2826026196948,0.24,"DDyolk MLDegg ",1.748,1.493
"77",77,"Sablefish",1.654,0.0834,95.0590887411401,0.28,"DDyolk LSTegg ",1.748,1.493
"78",78,"Sablefish",1.689,0.0624,95.2668321320117,0.16,"DDyolk LSTyolk ",1.748,1.493
"79",79,"Sablefish",1.622,0.0681,94.9424288168777,0.32,"DDyolk LSTlarv ",1.748,1.493
"80",80,"Sablefish",1.6,0.1112,93.4406938537428,0.48,"DDyolk LSTpjuv ",1.748,1.493
"81",81,"Sablefish",1.527,0.3033,88.8980754946329,0.6,"DDyolk LSTbjuv ",1.748,1.493
"82",82,"Sablefish",1.592,0.199,92.1929079023358,0.36,"CSTegg DDyolk ",1.487,1.388
"83",83,"Sablefish",1.532,0.2352,92.3028405176138,0.44,"CSTyolk DDyolk ",1.334,1.581
"84",84,"Sablefish",1.613,0.1097,94.0676686907517,0.36,"CSTlarv DDyolk ",1.212,1.239
"85",85,"Sablefish",1.611,0.1954,92.185444286093,0.44,"CSTpjuv DDyolk ",1.457,1.32
"86",86,"Sablefish",1.658,0.0849,93.940841052195,0.4,"CSTbjuv DDyolk ",1.425,1.276
"87",87,"Sablefish",1.805,0.1492,93.5867295385984,0.44,"DDbjuv DDlarv ",1.482,1.311
"88",88,"Sablefish",1.614,0.0102,95.9022810299014,0.36,"DDlarv MLDegg ",1.596,1.375
"89",89,"Sablefish",1.616,0.0097,95.9160575121236,0.32,"DDlarv LSTegg ",1.596,1.375
"90",90,"Sablefish",1.628,0.0215,95.6147309618147,0.28,"DDlarv LSTyolk ",1.596,1.375
"91",91,"Sablefish",1.563,0.0396,95.1478500927203,0.36,"DDlarv LSTlarv ",1.596,1.375
"92",92,"Sablefish",1.552,0.1048,93.3921305494441,0.56,"DDlarv LSTpjuv ",1.596,1.375
"93",93,"Sablefish",1.493,0.3034,88.8975916367373,0.6,"DDlarv LSTbjuv ",1.596,1.375
"94",94,"Sablefish",1.493,0.1952,92.0582180408777,0.4,"CSTegg DDlarv ",1.487,1.388
"95",95,"Sablefish",1.557,0.178,93.4801056829824,0.32,"CSTyolk DDlarv ",1.334,1.581
"96",96,"Sablefish",1.575,0.0603,94.6037503946442,0.36,"CSTlarv DDlarv ",1.212,1.239
"97",97,"Sablefish",1.563,0.1642,92.520958303375,0.52,"CSTpjuv DDlarv ",1.457,1.32
"98",98,"Sablefish",1.618,0.0828,93.9985480366633,0.48,"CSTbjuv DDlarv ",1.425,1.276
"99",99,"Sablefish",1.673,0.05,94.875333269455,0.4,"DDpjuv MLDegg ",1.783,1.463
"100",100,"Sablefish",1.699,0.047,94.9543505065628,0.36,"DDpjuv LSTegg ",1.783,1.463
"101",101,"Sablefish",1.753,0.0593,94.6299992961871,0.4,"DDpjuv LSTyolk ",1.783,1.463
"102",102,"Sablefish",1.661,0.0726,94.274292034208,0.4,"DDpjuv LSTlarv ",1.783,1.463
"103",103,"Sablefish",1.691,0.0965,93.622752550838,0.44,"DDpjuv LSTpjuv ",1.783,1.463
"104",104,"Sablefish",1.462,0.3827,87.3844272743559,0.56,"DDpjuv LSTbjuv ",1.783,1.463
"105",105,"Sablefish",1.572,0.1864,92.1532212998558,0.28,"CSTegg DDpjuv ",1.487,1.388
"106",106,"Sablefish",1.654,0.1413,93.6107353780536,0.4,"CSTyolk DDpjuv ",1.334,1.581
"107",107,"Sablefish",1.587,0.099,93.5525329103808,0.4,"CSTlarv DDpjuv ",1.212,1.239
"108",108,"Sablefish",1.669,0.2838,91.2108734007919,0.44,"CSTpjuv DDpjuv ",1.457,1.32
"109",109,"Sablefish",1.54,0.2107,90.2429779841809,0.44,"CSTbjuv DDpjuv ",1.482,1.311
"110",110,"Sablefish",1.69,0.116,94.407504703567,0.44,"DDbjuv MLDegg ",1.482,1.311
"111",111,"Sablefish",1.717,0.1052,94.6642794400607,0.36,"DDbjuv LSTegg ",1.482,1.311
"112",112,"Sablefish",1.73,0.1198,94.2546957496382,0.4,"DDbjuv LSTyolk ",1.482,1.311
"113",113,"Sablefish",1.682,0.1376,93.726300119819,0.36,"DDbjuv LSTlarv ",1.482,1.311
"114",114,"Sablefish",1.664,0.1522,93.003199946057,0.48,"DDbjuv LSTpjuv ",1.487,1.388
"115",115,"Sablefish",1.722,0.3422,89.0303532991509,0.64,"CSTegg DDbjuv ",1.334,1.581
"116",116,"Sablefish",1.631,0.3452,89.0638840658571,0.6,"CSTyolk DDbjuv ",1.212,1.239
"117",117,"Sablefish",1.664,0.205,92.7497417592715,0.36,"CSTlarv DDbjuv ",1.457,1.32
"118",118,"Sablefish",1.572,0.2252,91.0804398767207,0.48,"CSTpjuv DDbjuv ",1.328,1.356
"119",119,"Sablefish",1.581,0.0172,95.7251176959015,0.32,"LSTyolk MLDegg ",1.336,1.183
"120",120,"Sablefish",1.545,0.041,95.1125410425578,0.4,"LSTlarv MLDegg ",1.195,1.066
"121",121,"Sablefish",1.537,0.0976,93.7686056261787,0.56,"LSTpjuv MLDegg ",1.05,1.164
"122",122,"Sablefish",1.477,0.302,88.9512546316545,0.6,"LSTbjuv MLDegg ",1.487,1.388
"123",123,"Sablefish",1.392,0.2468,90.5976136422529,0.36,"CSTegg MLDegg ",1.334,1.581
"124",124,"Sablefish",1.483,0.1383,93.8797092416599,0.52,"CSTyolk MLDegg ",1.212,1.239
"125",125,"Sablefish",1.534,0.0476,94.939716012504,0.32,"CSTlarv MLDegg ",1.457,1.32
"126",126,"Sablefish",1.507,0.1635,92.5503694868622,0.56,"CSTpjuv MLDegg ",1.425,1.276
"127",127,"Sablefish",1.611,0.0674,94.4132310386422,0.48,"CSTbjuv MLDegg ",1.291,1.209
"128",128,"Sablefish",1.564,0.0906,93.9316136341631,0.44,"LSTegg LSTpjuv ",1.05,1.164
"129",129,"Sablefish",1.489,0.3085,88.726161601527,0.6,"LSTbjuv LSTegg ",1.487,1.388
"130",130,"Sablefish",1.495,0.187,92.3477006384744,0.36,"CSTegg LSTegg ",1.334,1.581
"131",131,"Sablefish",1.514,0.1411,93.8174765808214,0.48,"CSTyolk LSTegg ",1.212,1.239
"132",132,"Sablefish",1.563,0.0475,94.9428864431049,0.32,"CSTlarv LSTegg ",1.457,1.32
"133",133,"Sablefish",1.543,0.1578,92.669294798814,0.44,"CSTpjuv LSTegg ",1.425,1.276
"134",134,"Sablefish",1.641,0.0602,94.6066777539923,0.44,"CSTbjuv LSTegg ",1.195,1.066
"135",135,"Sablefish",1.689,0.1099,93.7704088903695,0.36,"LSTpjuv LSTyolk ",1.05,1.164
"136",136,"Sablefish",1.494,0.3723,87.5730507978563,0.56,"LSTbjuv LSTyolk ",1.487,1.388
"137",137,"Sablefish",1.499,0.1952,92.0464358729238,0.4,"CSTegg LSTyolk ",1.334,1.581
"138",138,"Sablefish",1.566,0.1443,93.6809357365428,0.44,"CSTyolk LSTyolk ",1.212,1.239
"139",139,"Sablefish",1.643,0.0533,94.788836047062,0.24,"CSTlarv LSTyolk ",1.457,1.32
"140",140,"Sablefish",1.67,0.2087,91.8658265152612,0.52,"CSTpjuv LSTyolk ",1.425,1.276
"141",141,"Sablefish",1.658,0.0678,94.403587464813,0.4,"CSTbjuv LSTyolk ",1.336,1.183
"142",142,"Sablefish",1.619,0.1321,93.3410054685976,0.48,"LSTlarv LSTpjuv ",1.05,1.164
"143",143,"Sablefish",1.518,0.306,88.7813323399127,0.56,"LSTbjuv LSTlarv ",1.487,1.388
"144",144,"Sablefish",1.433,0.2531,90.2650296958277,0.48,"CSTegg LSTlarv ",1.334,1.581
"145",145,"Sablefish",1.491,0.1712,92.8993090424558,0.6,"CSTyolk LSTlarv ",1.212,1.239
"146",146,"Sablefish",1.571,0.0618,94.5637930058455,0.4,"CSTlarv LSTlarv ",1.457,1.32
"147",147,"Sablefish",1.593,0.1861,91.9863130938599,0.52,"CSTpjuv LSTlarv ",1.425,1.276
"148",148,"Sablefish",1.649,0.0934,93.7075777389367,0.32,"CSTbjuv LSTlarv ",1.487,1.388
"149",149,"Sablefish",1.574,0.218,90.9398162462663,0.36,"CSTegg LSTpjuv ",1.334,1.581
"150",150,"Sablefish",1.578,0.2423,91.9281717638668,0.28,"CSTyolk LSTpjuv ",1.212,1.239
"151",151,"Sablefish",1.611,0.1365,93.2223142028483,0.36,"CSTlarv LSTpjuv ",1.425,1.276
"152",152,"Sablefish",1.792,0.2343,90.405862456299,0.48,"CSTbjuv LSTpjuv ",1.487,1.388
"153",153,"Sablefish",1.199,0.5358,80.6239174612758,0.6,"CSTegg LSTbjuv ",1.334,1.581
"154",154,"Sablefish",1.367,0.4313,85.4075000033167,0.64,"CSTyolk LSTbjuv ",1.212,1.239
"155",155,"Sablefish",1.592,0.3285,88.3007549257789,0.6,"CSTlarv LSTbjuv ",1.457,1.32
"156",156,"Sablefish",1.501,0.3032,88.7633053696288,0.6,"CSTpjuv LSTbjuv ",1.425,1.276
"157",157,"Sablefish",1.424,0.3827,85.9088962532389,0.4,"CSTbjuv LSTbjuv ",1.487,1.388
"158",158,"Sablefish",1.498,0.2419,89.8775346313131,0.52,"CSTegg CSTpjuv ",1.425,1.276
"159",159,"Sablefish",1.776,0.2498,90.4890603358932,0.48,"CSTbjuv CSTegg ",1.457,1.32
"160",160,"Sablefish",1.49,0.2585,91.2041460121325,0.52,"CSTpjuv CSTyolk ",1.425,1.276
"161",161,"Sablefish",1.645,0.2154,91.6421235333365,0.4,"CSTbjuv CSTyolk ",1.425,1.276
"162",162,"Sablefish",1.697,0.1072,93.3245134557164,0.4,"CSTbjuv CSTlarv ",1.787,1.368
"163",163,"Sablefish",1.946,0.1626,94.9830370383706,0.32,"DDpre Tpre Tspawn",1.787,1.368
"164",164,"Sablefish",1.76,0.0483,96.9200417663363,0.36,"DDpre LSTegg Tpre",1.787,1.368
"165",165,"Sablefish",1.798,0.0586,96.6479615321039,0.32,"DDpre LSTyolk Tpre",1.787,1.368
"166",166,"Sablefish",1.702,0.0884,95.8438730200152,0.44,"DDpre LSTlarv Tpre",1.487,1.388
"167",167,"Sablefish",1.888,0.1908,94.143950619616,0.4,"CSTegg DDpre Tpre",1.334,1.581
"168",168,"Sablefish",1.781,0.1635,95.0676508027299,0.4,"CSTyolk DDpre Tpre",1.212,1.239
"169",169,"Sablefish",1.74,0.1039,95.4168226768379,0.4,"CSTlarv DDpre Tpre",1.457,1.32
"170",170,"Sablefish",1.874,0.1402,94.3827651254124,0.48,"CSTpjuv DDpre Tpre",1.425,1.276
"171",171,"Sablefish",1.703,0.2166,93.2909287412103,0.44,"CSTbjuv DDpre Tpre",1.629,1.421
"172",172,"Sablefish",1.896,0.1959,94.6593335677609,0.32,"DDegg DDpre Tspawn",1.629,1.421
"173",173,"Sablefish",1.659,0.1511,95.3168882308956,0.44,"DDegg DDpre MLDegg",1.629,1.421
"174",174,"Sablefish",1.673,0.1529,95.3483177387129,0.4,"DDegg DDpre LSTegg",1.629,1.421
"175",175,"Sablefish",1.803,0.117,96.0421852223463,0.36,"DDegg DDpre LSTyolk",1.629,1.421
"176",176,"Sablefish",1.695,0.1154,95.7783392490357,0.36,"DDegg DDpre LSTlarv",1.487,1.388
"177",177,"Sablefish",1.782,0.2118,93.9377612471546,0.32,"CSTegg DDegg DDpre",1.334,1.581
"178",178,"Sablefish",1.552,0.271,93.1351997011683,0.52,"CSTyolk DDegg DDpre",1.212,1.239
"179",179,"Sablefish",1.635,0.1744,94.4456997792749,0.44,"CSTlarv DDegg DDpre",1.457,1.32
"180",180,"Sablefish",1.608,0.2073,93.431815144957,0.56,"CSTpjuv DDegg DDpre",1.425,1.276
"181",181,"Sablefish",1.709,0.2107,93.3989985692811,0.44,"CSTbjuv DDegg DDpre",1.787,1.368
"182",182,"Sablefish",1.875,0.2172,94.1685633138857,0.48,"DDpre DDyolk Tspawn",1.596,1.375
"183",183,"Sablefish",1.868,0.1442,95.4896979048952,0.4,"DDlarv DDpre Tspawn",1.787,1.368
"184",184,"Sablefish",1.812,0.1651,94.9536746881676,0.4,"DDpre MLDegg Tspawn",1.787,1.368
"185",185,"Sablefish",1.833,0.1448,95.4848434761324,0.44,"DDpre LSTegg Tspawn",1.787,1.368
"186",186,"Sablefish",1.944,0.1449,95.3996288892287,0.36,"DDpre LSTyolk Tspawn",1.787,1.368
"187",187,"Sablefish",1.817,0.1566,94.9857228973319,0.44,"DDpre LSTlarv Tspawn",1.487,1.388
"188",188,"Sablefish",1.757,0.2503,92.9967727064443,0.44,"CSTegg DDpre Tspawn",1.334,1.581
"189",189,"Sablefish",1.788,0.2446,93.6266413705075,0.52,"CSTyolk DDpre Tspawn",1.212,1.239
"190",190,"Sablefish",1.79,0.1712,94.4567184614515,0.36,"CSTlarv DDpre Tspawn",1.457,1.32
"191",191,"Sablefish",1.677,0.2411,92.3091502866473,0.6,"CSTpjuv DDpre Tspawn",1.425,1.276
"192",192,"Sablefish",1.82,0.2913,91.1242983284867,0.44,"CSTbjuv DDpre Tspawn",1.787,1.368
"193",193,"Sablefish",1.706,0.1312,95.7822048617617,0.4,"DDpre DDyolk MLDegg",1.787,1.368
"194",194,"Sablefish",1.731,0.1193,96.0904680092394,0.44,"DDpre DDyolk LSTegg",1.787,1.368
"195",195,"Sablefish",1.816,0.1059,96.2289361507246,0.4,"DDpre DDyolk LSTyolk",1.787,1.368
"196",196,"Sablefish",1.701,0.1142,95.8268705148795,0.36,"DDpre DDyolk LSTlarv",1.487,1.388
"197",197,"Sablefish",1.701,0.213,93.851670027955,0.32,"CSTegg DDpre DDyolk",1.334,1.581
"198",198,"Sablefish",1.602,0.2671,93.2520651677412,0.52,"CSTyolk DDpre DDyolk",1.212,1.239
"199",199,"Sablefish",1.661,0.1672,94.5561958763457,0.4,"CSTlarv DDpre DDyolk",1.457,1.32
"200",200,"Sablefish",1.624,0.2003,93.5713126556067,0.48,"CSTpjuv DDpre DDyolk",1.425,1.276
"201",201,"Sablefish",1.703,0.2078,93.4136496179875,0.44,"CSTbjuv DDpre DDyolk",1.596,1.375
"202",202,"Sablefish",1.726,0.0587,96.8074752385148,0.44,"DDlarv DDpre MLDegg",1.596,1.375
"203",203,"Sablefish",1.712,0.0436,97.0452400921581,0.4,"DDlarv DDpre LSTegg",1.596,1.375
"204",204,"Sablefish",1.77,0.0546,96.7538859801576,0.36,"DDlarv DDpre LSTyolk",1.596,1.375
"205",205,"Sablefish",1.654,0.0758,96.1891600691862,0.4,"DDlarv DDpre LSTlarv",1.487,1.388
"206",206,"Sablefish",1.602,0.2007,93.8140505052537,0.36,"CSTegg DDlarv DDpre",1.334,1.581
"207",207,"Sablefish",1.652,0.1981,94.7339387194358,0.4,"CSTyolk DDlarv DDpre",1.212,1.239
"208",208,"Sablefish",1.627,0.11,95.2467314403557,0.4,"CSTlarv DDlarv DDpre",1.457,1.32
"209",209,"Sablefish",1.602,0.1484,94.2660714541037,0.48,"CSTpjuv DDlarv DDpre",1.425,1.276
"210",210,"Sablefish",1.695,0.2153,93.2045370879698,0.44,"CSTbjuv DDlarv DDpre",1.787,1.368
"211",211,"Sablefish",1.727,0.0573,96.6838867351056,0.44,"DDpre LSTyolk MLDegg",1.787,1.368
"212",212,"Sablefish",1.655,0.0758,96.1881801051208,0.4,"DDpre LSTlarv MLDegg",1.487,1.388
"213",213,"Sablefish",1.469,0.2682,91.8357412734383,0.28,"CSTegg DDpre MLDegg",1.334,1.581
"214",214,"Sablefish",1.595,0.1704,94.8640286367838,0.44,"CSTyolk DDpre MLDegg",1.212,1.239
"215",215,"Sablefish",1.592,0.1077,95.310386019593,0.44,"CSTlarv DDpre MLDegg",1.457,1.32
"216",216,"Sablefish",1.528,0.1522,94.032213098569,0.56,"CSTpjuv DDpre MLDegg",1.425,1.276
"217",217,"Sablefish",1.617,0.2542,92.1598873024874,0.4,"CSTbjuv DDpre MLDegg",1.487,1.388
"218",218,"Sablefish",1.594,0.1966,93.9744667562986,0.32,"CSTegg DDpre LSTegg",1.334,1.581
"219",219,"Sablefish",1.607,0.1673,94.9817220007192,0.4,"CSTyolk DDpre LSTegg",1.212,1.239
"220",220,"Sablefish",1.608,0.1031,95.4394522486175,0.44,"CSTlarv DDpre LSTegg",1.457,1.32
"221",221,"Sablefish",1.57,0.143,94.3006463142462,0.48,"CSTpjuv DDpre LSTegg",1.425,1.276
"222",222,"Sablefish",1.664,0.2065,93.5326288321303,0.44,"CSTbjuv DDpre LSTegg",1.487,1.388
"223",223,"Sablefish",1.603,0.2032,93.7173287925561,0.4,"CSTegg DDpre LSTyolk",1.334,1.581
"224",224,"Sablefish",1.709,0.1683,94.9088815080614,0.48,"CSTyolk DDpre LSTyolk",1.212,1.239
"225",225,"Sablefish",1.759,0.1059,95.3611896554579,0.32,"CSTlarv DDpre LSTyolk",1.457,1.32
"226",226,"Sablefish",1.716,0.1912,93.7014499466581,0.48,"CSTpjuv DDpre LSTyolk",1.425,1.276
"227",227,"Sablefish",1.689,0.202,93.6053591995713,0.44,"CSTbjuv DDpre LSTyolk",1.487,1.388
"228",228,"Sablefish",1.533,0.259,91.9978936461627,0.4,"CSTegg DDpre LSTlarv",1.334,1.581
"229",229,"Sablefish",1.579,0.191,94.2362580864085,0.56,"CSTyolk DDpre LSTlarv",1.212,1.239
"230",230,"Sablefish",1.623,0.112,95.1882068043312,0.48,"CSTlarv DDpre LSTlarv",1.457,1.32
"231",231,"Sablefish",1.626,0.1724,93.757771934914,0.48,"CSTpjuv DDpre LSTlarv",1.425,1.276
"232",232,"Sablefish",1.651,0.216,93.066067676185,0.44,"CSTbjuv DDpre LSTlarv",1.487,1.388
"233",233,"Sablefish",1.54,0.2453,91.6301917683669,0.52,"CSTegg CSTpjuv DDpre",1.425,1.276
"234",234,"Sablefish",1.852,0.3225,90.6967975600478,0.48,"CSTbjuv CSTegg DDpre",1.457,1.32
"235",235,"Sablefish",1.57,0.248,93.1568111432029,0.44,"CSTpjuv CSTyolk DDpre",1.425,1.276
"236",236,"Sablefish",1.643,0.3416,90.3534581097179,0.44,"CSTbjuv CSTyolk DDpre",1.425,1.276
"237",237,"Sablefish",1.642,0.2534,91.8162733150116,0.48,"CSTbjuv CSTlarv DDpre",1.783,1.463
"238",238,"Sablefish",2.245,0.1447,94.251089371498,0.52,"DDpjuv Tpre Tspawn",1.482,1.311
"239",239,"Sablefish",2.004,0.1462,95.4083936254309,0.44,"DDbjuv Tpre Tspawn",1.291,1.209
"240",240,"Sablefish",1.726,0.0613,96.5761643417247,0.44,"LSTegg Tpre Tspawn",1.328,1.356
"241",241,"Sablefish",1.716,0.0726,96.2744549425798,0.4,"LSTyolk Tpre Tspawn",1.336,1.183
"242",242,"Sablefish",1.679,0.1082,95.2957561353201,0.44,"LSTlarv Tpre Tspawn",1.195,1.066
"243",243,"Sablefish",1.781,0.1688,93.9677273850979,0.6,"LSTpjuv Tpre Tspawn",1.05,1.164
"244",244,"Sablefish",1.584,0.4325,85.8479969867691,0.6,"LSTbjuv Tpre Tspawn",1.487,1.388
"245",245,"Sablefish",1.933,0.2052,93.6723262446808,0.4,"CSTegg Tpre Tspawn",1.334,1.581
"246",246,"Sablefish",1.749,0.1777,94.6691866891723,0.56,"CSTyolk Tpre Tspawn",1.212,1.239
"247",247,"Sablefish",1.727,0.0947,95.6726808949449,0.44,"CSTlarv Tpre Tspawn",1.457,1.32
"248",248,"Sablefish",2.038,0.2245,92.4358900616321,0.64,"CSTpjuv Tpre Tspawn",1.425,1.276
"249",249,"Sablefish",1.728,0.0979,95.582177295223,0.52,"CSTbjuv Tpre Tspawn",1.783,1.463
"250",250,"Sablefish",1.905,0.0732,96.2579635610958,0.32,"DDpjuv LSTegg Tpre",1.783,1.463
"251",251,"Sablefish",1.954,0.0866,95.941910895676,0.24,"DDpjuv LSTyolk Tpre",1.783,1.463
"252",252,"Sablefish",1.823,0.1057,95.3661249193014,0.36,"DDpjuv LSTlarv Tpre",1.783,1.463
"253",253,"Sablefish",1.862,0.0966,95.6181888962362,0.44,"DDpjuv LSTpjuv Tpre",1.783,1.463
"254",254,"Sablefish",1.562,0.3813,89.3413434199804,0.56,"DDpjuv LSTbjuv Tpre",1.487,1.388
"255",255,"Sablefish",2.165,0.1846,94.133171125147,0.28,"CSTegg DDpjuv Tpre",1.334,1.581
"256",256,"Sablefish",2.019,0.1449,95.3413889301712,0.2,"CSTyolk DDpjuv Tpre",1.212,1.239
"257",257,"Sablefish",1.817,0.1136,95.1437405235573,0.28,"CSTlarv DDpjuv Tpre",1.457,1.32
"258",258,"Sablefish",2.003,0.1507,94.7162375363275,0.4,"CSTpjuv DDpjuv Tpre",1.482,1.311
"259",259,"Sablefish",1.645,0.2308,91.5995085842807,0.4,"CSTbjuv DDpjuv Tpre",1.482,1.311
"260",260,"Sablefish",1.876,0.1066,96.5778944738781,0.32,"DDbjuv LSTegg Tpre",1.482,1.311
"261",261,"Sablefish",1.867,0.1219,96.1584150321625,0.28,"DDbjuv LSTyolk Tpre",1.482,1.311
"262",262,"Sablefish",1.811,0.135,95.6887937634328,0.36,"DDbjuv LSTlarv Tpre",1.487,1.388
"263",263,"Sablefish",1.729,0.177,94.3509784321887,0.48,"DDbjuv LSTpjuv Tpre",1.334,1.581
"264",264,"Sablefish",2.118,0.4198,88.1319490831376,0.68,"CSTegg DDbjuv Tpre",1.212,1.239
"265",265,"Sablefish",1.842,0.4124,89.3557735698385,0.56,"CSTyolk DDbjuv Tpre",1.457,1.32
"266",266,"Sablefish",1.84,0.2137,94.414762188664,0.32,"CSTlarv DDbjuv Tpre",1.291,1.209
"267",267,"Sablefish",1.869,0.2458,92.4928064594194,0.56,"CSTpjuv DDbjuv Tpre",1.05,1.164
"268",268,"Sablefish",1.71,0.0892,95.8440629089143,0.32,"LSTegg LSTpjuv Tpre",1.487,1.388
"269",269,"Sablefish",1.532,0.3145,90.5007899172781,0.52,"LSTbjuv LSTegg Tpre",1.334,1.581
"270",270,"Sablefish",1.764,0.1881,94.295255933887,0.32,"CSTegg LSTegg Tpre",1.212,1.239
"271",271,"Sablefish",1.669,0.1441,95.7052613077532,0.4,"CSTyolk LSTegg Tpre",1.457,1.32
"272",272,"Sablefish",1.682,0.0478,96.9338656865349,0.28,"CSTlarv LSTegg Tpre",1.425,1.276
"273",273,"Sablefish",1.85,0.1553,94.6774017982463,0.44,"CSTpjuv LSTegg Tpre",1.195,1.066
"274",274,"Sablefish",1.703,0.0606,96.5970953401966,0.4,"CSTbjuv LSTegg Tpre",1.05,1.164
"275",275,"Sablefish",1.825,0.105,95.7372557384663,0.32,"LSTpjuv LSTyolk Tpre",1.487,1.388
"276",276,"Sablefish",1.539,0.3759,89.3121871352931,0.48,"LSTbjuv LSTyolk Tpre",1.334,1.581
"277",277,"Sablefish",1.746,0.1987,93.9290269679943,0.4,"CSTegg LSTyolk Tpre",1.212,1.239
"278",278,"Sablefish",1.725,0.1445,95.6403868560017,0.28,"CSTyolk LSTyolk Tpre",1.457,1.32
"279",279,"Sablefish",1.754,0.0538,96.7763267969632,0.24,"CSTlarv LSTyolk Tpre",1.425,1.276
"280",280,"Sablefish",1.961,0.2061,93.8654394426867,0.44,"CSTpjuv LSTyolk Tpre",1.336,1.183
"281",281,"Sablefish",1.719,0.0678,96.4032613838635,0.36,"CSTbjuv LSTyolk Tpre",1.05,1.164
"282",282,"Sablefish",1.747,0.1308,95.3257682015413,0.4,"LSTlarv LSTpjuv Tpre",1.487,1.388
"283",283,"Sablefish",1.55,0.3197,90.2815173313251,0.52,"LSTbjuv LSTlarv Tpre",1.334,1.581
"284",284,"Sablefish",1.673,0.2528,92.2486447695506,0.44,"CSTegg LSTlarv Tpre",1.212,1.239
"285",285,"Sablefish",1.634,0.176,94.7177357985281,0.48,"CSTyolk LSTlarv Tpre",1.457,1.32
"286",286,"Sablefish",1.67,0.0646,96.4889715806151,0.32,"CSTlarv LSTlarv Tpre",1.425,1.276
"287",287,"Sablefish",1.857,0.1842,93.9805218615735,0.48,"CSTpjuv LSTlarv Tpre",1.487,1.388
"288",288,"Sablefish",1.709,0.0945,95.6779064324059,0.28,"CSTbjuv LSTlarv Tpre",1.334,1.581
"289",289,"Sablefish",1.828,0.2467,91.9843602307248,0.44,"CSTegg LSTpjuv Tpre",1.212,1.239
"290",290,"Sablefish",1.767,0.2627,93.7101710355805,0.24,"CSTyolk LSTpjuv Tpre",1.425,1.276
"291",291,"Sablefish",1.736,0.1358,95.1424304279355,0.32,"CSTlarv LSTpjuv Tpre",1.487,1.388
"292",292,"Sablefish",1.708,0.2665,91.2943630011478,0.52,"CSTbjuv LSTpjuv Tpre",1.334,1.581
"293",293,"Sablefish",1.379,0.5364,82.5717068244234,0.56,"CSTegg LSTbjuv Tpre",1.212,1.239
"294",294,"Sablefish",1.444,0.4436,86.8585926551414,0.52,"CSTyolk LSTbjuv Tpre",1.457,1.32
"295",295,"Sablefish",1.616,0.343,89.9162085023517,0.4,"CSTlarv LSTbjuv Tpre",1.425,1.276
"296",296,"Sablefish",1.732,0.3126,90.4269863831461,0.52,"CSTpjuv LSTbjuv Tpre",1.487,1.388
"297",297,"Sablefish",1.478,0.3834,87.8634311107562,0.4,"CSTbjuv LSTbjuv Tpre",1.425,1.276
"298",298,"Sablefish",1.968,0.256,91.4384140725836,0.44,"CSTegg CSTpjuv Tpre",1.457,1.32
"299",299,"Sablefish",1.874,0.2685,91.8845752256554,0.44,"CSTbjuv CSTegg Tpre",1.425,1.276
"300",300,"Sablefish",1.8,0.2925,92.8033032391191,0.48,"CSTpjuv CSTyolk Tpre",1.425,1.276
"301",301,"Sablefish",1.721,0.2162,93.5993707267699,0.44,"CSTbjuv CSTyolk Tpre",1.482,1.311
"302",302,"Sablefish",1.745,0.1095,95.2581374912124,0.44,"CSTbjuv CSTlarv Tpre",1.629,1.421
"303",303,"Sablefish",1.934,0.2187,94.3082331113273,0.4,"DDbjuv DDegg Tspawn",1.629,1.421
"304",304,"Sablefish",1.633,0.1503,95.4050140836934,0.4,"DDegg MLDegg Tspawn",1.629,1.421
"305",305,"Sablefish",1.622,0.1828,94.6037615174514,0.44,"DDegg LSTegg Tspawn",1.629,1.421
"306",306,"Sablefish",1.685,0.129,95.839385757652,0.44,"DDegg LSTyolk Tspawn",1.629,1.421
"307",307,"Sablefish",1.65,0.127,95.6498830548495,0.44,"DDegg LSTlarv Tspawn",1.629,1.421
"308",308,"Sablefish",1.64,0.2314,92.9836635730195,0.44,"DDegg LSTpjuv Tspawn",1.487,1.388
"309",309,"Sablefish",1.642,0.4004,87.6702373417203,0.48,"DDegg LSTbjuv Tspawn",1.334,1.581
"310",310,"Sablefish",1.761,0.2412,93.2320484593538,0.44,"CSTegg DDegg Tspawn",1.212,1.239
"311",311,"Sablefish",1.525,0.2864,92.716444377199,0.52,"CSTyolk DDegg Tspawn",1.457,1.32
"312",312,"Sablefish",1.626,0.1643,94.8387154551068,0.48,"CSTlarv DDegg Tspawn",1.425,1.276
"313",313,"Sablefish",1.608,0.3037,91.1338018224629,0.68,"CSTpjuv DDegg Tspawn",1.482,1.311
"314",314,"Sablefish",1.792,0.1211,95.4765531095268,0.36,"CSTbjuv DDegg Tspawn",1.482,1.311
"315",315,"Sablefish",1.946,0.1574,95.8530520872157,0.36,"DDbjuv DDegg MLDegg",1.482,1.311
"316",316,"Sablefish",1.882,0.1801,95.4509430881746,0.36,"DDbjuv DDegg LSTegg",1.482,1.311
"317",317,"Sablefish",1.899,0.1402,95.9347796823152,0.24,"DDbjuv DDegg LSTyolk",1.482,1.311
"318",318,"Sablefish",1.826,0.1397,95.6408930513661,0.28,"DDbjuv DDegg LSTlarv",1.487,1.388
"319",319,"Sablefish",1.713,0.2002,93.6620160799168,0.52,"DDbjuv DDegg LSTpjuv",1.334,1.581
"320",320,"Sablefish",1.955,0.3962,89.0405010355672,0.6,"CSTegg DDbjuv DDegg",1.212,1.239
"321",321,"Sablefish",1.763,0.4522,87.6861621119624,0.56,"CSTyolk DDbjuv DDegg",1.457,1.32
"322",322,"Sablefish",1.811,0.2564,93.5163759415977,0.44,"CSTlarv DDbjuv DDegg",1.629,1.421
"323",323,"Sablefish",1.729,0.2688,91.8342398099157,0.56,"CSTpjuv DDbjuv DDegg",1.629,1.421
"324",324,"Sablefish",1.755,0.0662,97.252453459102,0.08,"DDegg LSTyolk MLDegg",1.629,1.421
"325",325,"Sablefish",1.662,0.0549,97.0289074715121,0.28,"DDegg LSTlarv MLDegg",1.629,1.421
"326",326,"Sablefish",1.654,0.1298,95.3181153303078,0.4,"DDegg LSTpjuv MLDegg",1.487,1.388
"327",327,"Sablefish",1.55,0.3051,90.8329162600091,0.56,"DDegg LSTbjuv MLDegg",1.334,1.581
"328",328,"Sablefish",1.645,0.358,91.5555045975075,0.36,"CSTegg DDegg MLDegg",1.212,1.239
"329",329,"Sablefish",1.548,0.2309,94.375877512932,0.36,"CSTyolk DDegg MLDegg",1.457,1.32
"330",330,"Sablefish",1.688,0.0994,96.3244514926395,0.28,"CSTlarv DDegg MLDegg",1.425,1.276
"331",331,"Sablefish",1.681,0.2096,93.9375663862026,0.4,"CSTpjuv DDegg MLDegg",1.629,1.421
"332",332,"Sablefish",1.697,0.0713,96.3106088216748,0.32,"CSTbjuv DDegg MLDegg",1.629,1.421
"333",333,"Sablefish",1.59,0.1874,94.2133169165536,0.44,"DDegg LSTegg LSTpjuv",1.487,1.388
"334",334,"Sablefish",1.551,0.3357,90.3257303064601,0.52,"DDegg LSTbjuv LSTegg",1.334,1.581
"335",335,"Sablefish",1.778,0.1936,94.2640040179287,0.32,"CSTegg DDegg LSTegg",1.212,1.239
"336",336,"Sablefish",1.559,0.2586,93.618445618616,0.48,"CSTyolk DDegg LSTegg",1.457,1.32
"337",337,"Sablefish",1.613,0.1617,95.0733520977166,0.48,"CSTlarv DDegg LSTegg",1.425,1.276
"338",338,"Sablefish",1.65,0.2177,93.6592808013195,0.4,"CSTpjuv DDegg LSTegg",1.629,1.421
"339",339,"Sablefish",1.749,0.1032,96.0367669969798,0.4,"CSTbjuv DDegg LSTegg",1.629,1.421
"340",340,"Sablefish",1.767,0.1472,95.0615781747152,0.32,"DDegg LSTpjuv LSTyolk",1.487,1.388
"341",341,"Sablefish",1.563,0.3742,89.4340964607558,0.56,"DDegg LSTbjuv LSTyolk",1.334,1.581
"342",342,"Sablefish",1.693,0.1969,93.9629627811985,0.36,"CSTegg DDegg LSTyolk",1.212,1.239
"343",343,"Sablefish",1.634,0.2313,94.3477486338528,0.36,"CSTyolk DDegg LSTyolk",1.457,1.32
"344",344,"Sablefish",1.743,0.1046,96.2053708411215,0.24,"CSTlarv DDegg LSTyolk",1.425,1.276
"345",345,"Sablefish",1.796,0.226,93.6340089569842,0.48,"CSTpjuv DDegg LSTyolk",1.629,1.421
"346",346,"Sablefish",1.696,0.074,96.2361264354021,0.32,"CSTbjuv DDegg LSTyolk",1.629,1.421
"347",347,"Sablefish",1.715,0.1362,95.2269315251698,0.32,"DDegg LSTlarv LSTpjuv",1.487,1.388
"348",348,"Sablefish",1.582,0.3117,90.571617587126,0.52,"DDegg LSTbjuv LSTlarv",1.334,1.581
"349",349,"Sablefish",1.573,0.252,92.2710030378149,0.44,"CSTegg DDegg LSTlarv",1.212,1.239
"350",350,"Sablefish",1.567,0.2195,94.3249979484339,0.4,"CSTyolk DDegg LSTlarv",1.457,1.32
"351",351,"Sablefish",1.664,0.0962,96.2521537925377,0.32,"CSTlarv DDegg LSTlarv",1.425,1.276
"352",352,"Sablefish",1.705,0.1977,93.8790892496813,0.44,"CSTpjuv DDegg LSTlarv",1.487,1.388
"353",353,"Sablefish",1.682,0.095,95.6628886557914,0.32,"CSTbjuv DDegg LSTlarv",1.334,1.581
"354",354,"Sablefish",1.735,0.2339,92.2708682382874,0.44,"CSTegg DDegg LSTpjuv",1.212,1.239
"355",355,"Sablefish",1.625,0.3178,92.5493365924599,0.48,"CSTyolk DDegg LSTpjuv",1.425,1.276
"356",356,"Sablefish",1.71,0.165,94.6793788644585,0.36,"CSTlarv DDegg LSTpjuv",1.487,1.388
"357",357,"Sablefish",1.7,0.271,90.9782854002087,0.48,"CSTbjuv DDegg LSTpjuv",1.334,1.581
"358",358,"Sablefish",1.282,0.5405,82.363422447551,0.6,"CSTegg DDegg LSTbjuv",1.212,1.239
"359",359,"Sablefish",1.451,0.4344,87.2357456413868,0.52,"CSTyolk DDegg LSTbjuv",1.457,1.32
"360",360,"Sablefish",1.658,0.3267,90.2776575324018,0.48,"CSTlarv DDegg LSTbjuv",1.425,1.276
"361",361,"Sablefish",1.591,0.3058,90.6595209075948,0.56,"CSTpjuv DDegg LSTbjuv",1.487,1.388
"362",362,"Sablefish",1.475,0.3869,87.7116374586634,0.4,"CSTbjuv DDegg LSTbjuv",1.425,1.276
"363",363,"Sablefish",1.71,0.249,91.541470446238,0.4,"CSTegg CSTpjuv DDegg",1.457,1.32
"364",364,"Sablefish",1.831,0.267,91.9055773882588,0.52,"CSTbjuv CSTegg DDegg",1.425,1.276
"365",365,"Sablefish",1.514,0.3409,91.6666215398559,0.48,"CSTpjuv CSTyolk DDegg",1.425,1.276
"366",366,"Sablefish",1.748,0.2334,93.0751651888794,0.44,"CSTbjuv CSTyolk DDegg",1.482,1.311
"367",367,"Sablefish",1.742,0.1279,94.7373431588219,0.44,"CSTbjuv CSTlarv DDegg",1.748,1.493
"368",368,"Sablefish",1.919,0.2434,93.6184749796568,0.44,"DDbjuv DDyolk Tspawn",1.748,1.493
"369",369,"Sablefish",1.607,0.1792,94.6831838880576,0.44,"DDyolk MLDegg Tspawn",1.748,1.493
"370",370,"Sablefish",1.605,0.1938,94.2957635117593,0.44,"DDyolk LSTegg Tspawn",1.748,1.493
"371",371,"Sablefish",1.646,0.1621,95.0863926310961,0.48,"DDyolk LSTyolk Tspawn",1.748,1.493
"372",372,"Sablefish",1.619,0.1673,94.8552617041647,0.48,"DDyolk LSTlarv Tspawn",1.748,1.493
"373",373,"Sablefish",1.635,0.2462,92.5581053435509,0.56,"DDyolk LSTpjuv Tspawn",1.487,1.388
"374",374,"Sablefish",1.543,0.4545,86.1148095546872,0.44,"DDyolk LSTbjuv Tspawn",1.334,1.581
"375",375,"Sablefish",1.647,0.2775,92.3651542087893,0.48,"CSTegg DDyolk Tspawn",1.212,1.239
"376",376,"Sablefish",1.49,0.3316,91.3007467382104,0.56,"CSTyolk DDyolk Tspawn",1.457,1.32
"377",377,"Sablefish",1.62,0.202,93.8863908007936,0.52,"CSTlarv DDyolk Tspawn",1.425,1.276
"378",378,"Sablefish",1.561,0.3431,89.7382613538404,0.64,"CSTpjuv DDyolk Tspawn",1.482,1.311
"379",379,"Sablefish",1.77,0.1602,94.7366767672836,0.32,"CSTbjuv DDyolk Tspawn",1.596,1.375
"380",380,"Sablefish",1.964,0.1769,94.756154232048,0.44,"DDbjuv DDlarv Tspawn",1.596,1.375
"381",381,"Sablefish",1.68,0.0959,96.5497079516061,0.4,"DDlarv MLDegg Tspawn",1.596,1.375
"382",382,"Sablefish",1.699,0.0743,96.9046875152281,0.44,"DDlarv LSTegg Tspawn",1.596,1.375
"383",383,"Sablefish",1.698,0.056,96.8726535551459,0.32,"DDlarv LSTyolk Tspawn",1.596,1.375
"384",384,"Sablefish",1.647,0.0715,96.3355140846233,0.48,"DDlarv LSTlarv Tspawn",1.596,1.375
"385",385,"Sablefish",1.623,0.1657,93.8794093776654,0.48,"DDlarv LSTpjuv Tspawn",1.487,1.388
"386",386,"Sablefish",1.583,0.4148,87.4596732334808,0.48,"DDlarv LSTbjuv Tspawn",1.334,1.581
"387",387,"Sablefish",1.603,0.2146,93.3976838639414,0.44,"CSTegg DDlarv Tspawn",1.212,1.239
"388",388,"Sablefish",1.588,0.2447,93.8979944745967,0.48,"CSTyolk DDlarv Tspawn",1.457,1.32
"389",389,"Sablefish",1.662,0.1185,95.6126980112443,0.4,"CSTlarv DDlarv Tspawn",1.425,1.276
"390",390,"Sablefish",1.668,0.2445,92.4715674907958,0.6,"CSTpjuv DDlarv Tspawn",1.783,1.463
"391",391,"Sablefish",1.704,0.1032,95.4367896108195,0.44,"CSTbjuv DDlarv Tspawn",1.783,1.463
"392",392,"Sablefish",2.09,0.0785,96.1161839429771,0.48,"DDpjuv MLDegg Tspawn",1.783,1.463
"393",393,"Sablefish",2.064,0.0745,96.2222920743088,0.48,"DDpjuv LSTegg Tspawn",1.783,1.463
"394",394,"Sablefish",2.101,0.0852,95.9314146250253,0.44,"DDpjuv LSTyolk Tspawn",1.783,1.463
"395",395,"Sablefish",2.028,0.0981,95.5770688815311,0.4,"DDpjuv LSTlarv Tspawn",1.783,1.463
"396",396,"Sablefish",2.07,0.3412,91.2604970877178,0.64,"DDpjuv LSTpjuv Tspawn",1.487,1.388
"397",397,"Sablefish",1.674,0.5312,82.9011204312618,0.56,"DDpjuv LSTbjuv Tspawn",1.334,1.581
"398",398,"Sablefish",2.022,0.2122,93.2935922142862,0.36,"CSTegg DDpjuv Tspawn",1.212,1.239
"399",399,"Sablefish",2.081,0.1669,94.8362912823964,0.56,"CSTyolk DDpjuv Tspawn",1.457,1.32
"400",400,"Sablefish",1.972,0.1276,94.7472439316026,0.48,"CSTlarv DDpjuv Tspawn",1.482,1.311
"401",401,"Sablefish",2.022,0.3733,89.9972632328626,0.48,"CSTpjuv DDpjuv Tspawn",1.482,1.311
"402",402,"Sablefish",1.939,0.2293,91.6457825506457,0.4,"CSTbjuv DDpjuv Tspawn",1.482,1.311
"403",403,"Sablefish",1.848,0.1667,95.0054380379568,0.52,"DDbjuv MLDegg Tspawn",1.482,1.311
"404",404,"Sablefish",1.852,0.1499,95.4466894016145,0.36,"DDbjuv LSTegg Tspawn",1.482,1.311
"405",405,"Sablefish",1.846,0.1643,95.0273331971553,0.36,"DDbjuv LSTyolk Tspawn",1.487,1.388
"406",406,"Sablefish",1.822,0.1806,94.5214185868276,0.4,"DDbjuv LSTlarv Tspawn",1.334,1.581
"407",407,"Sablefish",1.935,0.2448,92.3473013616676,0.48,"DDbjuv LSTpjuv Tspawn",1.212,1.239
"408",408,"Sablefish",1.929,0.3823,89.477150704595,0.68,"CSTegg DDbjuv Tspawn",1.457,1.32
"409",409,"Sablefish",1.771,0.388,89.3942153678378,0.64,"CSTyolk DDbjuv Tspawn",1.328,1.356
"410",410,"Sablefish",1.821,0.2319,93.5580615095289,0.4,"CSTlarv DDbjuv Tspawn",1.336,1.183
"411",411,"Sablefish",1.672,0.3094,90.2876142344376,0.56,"CSTpjuv DDbjuv Tspawn",1.195,1.066
"412",412,"Sablefish",1.621,0.0488,96.9090058972581,0.48,"LSTyolk MLDegg Tspawn",1.05,1.164
"413",413,"Sablefish",1.605,0.0698,96.3504981382624,0.48,"LSTlarv MLDegg Tspawn",1.487,1.388
"414",414,"Sablefish",1.58,0.1754,93.7769334169481,0.56,"LSTpjuv MLDegg Tspawn",1.334,1.581
"415",415,"Sablefish",1.588,0.3657,88.5838730991562,0.56,"LSTbjuv MLDegg Tspawn",1.212,1.239
"416",416,"Sablefish",1.432,0.2813,91.4003102705506,0.48,"CSTegg MLDegg Tspawn",1.457,1.32
"417",417,"Sablefish",1.547,0.1679,94.9785505170382,0.56,"CSTyolk MLDegg Tspawn",1.425,1.276
"418",418,"Sablefish",1.579,0.0828,95.9969616057237,0.4,"CSTlarv MLDegg Tspawn",1.291,1.209
"419",419,"Sablefish",1.556,0.2316,92.4556123594162,0.68,"CSTpjuv MLDegg Tspawn",1.05,1.164
"420",420,"Sablefish",1.661,0.1002,95.519238981052,0.48,"CSTbjuv MLDegg Tspawn",1.487,1.388
"421",421,"Sablefish",1.6,0.1616,94.0840838944268,0.56,"LSTegg LSTpjuv Tspawn",1.334,1.581
"422",422,"Sablefish",1.572,0.3783,88.0963553939539,0.56,"LSTbjuv LSTegg Tspawn",1.212,1.239
"423",423,"Sablefish",1.57,0.212,93.5084761979624,0.36,"CSTegg LSTegg Tspawn",1.457,1.32
"424",424,"Sablefish",1.565,0.1666,95.0326586018861,0.52,"CSTyolk LSTegg Tspawn",1.425,1.276
"425",425,"Sablefish",1.599,0.082,96.0191333795052,0.44,"CSTlarv LSTegg Tspawn",1.195,1.066
"426",426,"Sablefish",1.587,0.2189,92.7718594416513,0.64,"CSTpjuv LSTegg Tspawn",1.05,1.164
"427",427,"Sablefish",1.673,0.0918,95.7522227723181,0.48,"CSTbjuv LSTegg Tspawn",1.487,1.388
"428",428,"Sablefish",1.703,0.1725,93.9680459757041,0.56,"LSTpjuv LSTyolk Tspawn",1.334,1.581
"429",429,"Sablefish",1.596,0.4181,87.5323964237678,0.48,"LSTbjuv LSTyolk Tspawn",1.212,1.239
"430",430,"Sablefish",1.551,0.2217,93.1551637262194,0.44,"CSTegg LSTyolk Tspawn",1.457,1.32
"431",431,"Sablefish",1.598,0.1712,94.8557140508905,0.48,"CSTyolk LSTyolk Tspawn",1.425,1.276
"432",432,"Sablefish",1.717,0.0867,95.8926837146566,0.36,"CSTlarv LSTyolk Tspawn",1.336,1.183
"433",433,"Sablefish",1.712,0.2553,92.1204787977514,0.56,"CSTpjuv LSTyolk Tspawn",1.05,1.164
"434",434,"Sablefish",1.694,0.0977,95.5879590120473,0.4,"CSTbjuv LSTyolk Tspawn",1.487,1.388
"435",435,"Sablefish",1.668,0.191,93.6241290759142,0.44,"LSTlarv LSTpjuv Tspawn",1.334,1.581
"436",436,"Sablefish",1.642,0.368,88.4778321307345,0.48,"LSTbjuv LSTlarv Tspawn",1.212,1.239
"437",437,"Sablefish",1.484,0.2777,91.3780528941275,0.44,"CSTegg LSTlarv Tspawn",1.457,1.32
"438",438,"Sablefish",1.54,0.1973,94.0715201451644,0.52,"CSTyolk LSTlarv Tspawn",1.425,1.276
"439",439,"Sablefish",1.612,0.0939,95.6933147187832,0.4,"CSTlarv LSTlarv Tspawn",1.487,1.388
"440",440,"Sablefish",1.608,0.2425,92.170779298544,0.6,"CSTpjuv LSTlarv Tspawn",1.334,1.581
"441",441,"Sablefish",1.69,0.1216,94.9180053269103,0.44,"CSTbjuv LSTlarv Tspawn",1.212,1.239
"442",442,"Sablefish",1.591,0.2674,90.9936093506537,0.64,"CSTegg LSTpjuv Tspawn",1.425,1.276
"443",443,"Sablefish",1.62,0.2882,92.2631768366491,0.6,"CSTyolk LSTpjuv Tspawn",1.487,1.388
"444",444,"Sablefish",1.641,0.2024,93.3451863786375,0.44,"CSTlarv LSTpjuv Tspawn",1.334,1.581
"445",445,"Sablefish",1.932,0.3128,89.8617627072284,0.52,"CSTbjuv LSTpjuv Tspawn",1.212,1.239
"446",446,"Sablefish",1.284,0.5866,79.7300543174953,0.48,"CSTegg LSTbjuv Tspawn",1.457,1.32
"447",447,"Sablefish",1.487,0.4876,84.8084214741032,0.52,"CSTyolk LSTbjuv Tspawn",1.425,1.276
"448",448,"Sablefish",1.713,0.3799,88.0056091409788,0.56,"CSTlarv LSTbjuv Tspawn",1.487,1.388
"449",449,"Sablefish",1.643,0.3726,88.1705401151598,0.56,"CSTpjuv LSTbjuv Tspawn",1.425,1.276
"450",450,"Sablefish",1.62,0.4765,84.5825206953533,0.48,"CSTbjuv LSTbjuv Tspawn",1.457,1.32
"451",451,"Sablefish",1.51,0.2948,89.5363298641301,0.56,"CSTegg CSTpjuv Tspawn",1.425,1.276
"452",452,"Sablefish",1.792,0.2749,91.6000263495372,0.52,"CSTbjuv CSTegg Tspawn",1.425,1.276
"453",453,"Sablefish",1.566,0.2898,91.5714770734027,0.64,"CSTpjuv CSTyolk Tspawn",1.482,1.311
"454",454,"Sablefish",1.66,0.2412,92.7852451995829,0.44,"CSTbjuv CSTyolk Tspawn",1.482,1.311
"455",455,"Sablefish",1.735,0.1399,94.3902766208932,0.48,"CSTbjuv CSTlarv Tspawn",1.482,1.311
"456",456,"Sablefish",1.928,0.1556,95.6862217459115,0.44,"DDbjuv DDyolk MLDegg",1.482,1.311
"457",457,"Sablefish",1.947,0.173,95.435667521765,0.36,"DDbjuv DDyolk LSTegg",1.482,1.311
"458",458,"Sablefish",1.9,0.145,95.6644452593019,0.4,"DDbjuv DDyolk LSTyolk",1.487,1.388
"459",459,"Sablefish",1.86,0.1481,95.4583569372753,0.28,"DDbjuv DDyolk LSTlarv",1.334,1.581
"460",460,"Sablefish",1.724,0.2212,93.0707175195048,0.48,"DDbjuv DDyolk LSTpjuv",1.212,1.239
"461",461,"Sablefish",1.847,0.4124,88.3719418789388,0.68,"CSTegg DDbjuv DDyolk",1.457,1.32
"462",462,"Sablefish",1.781,0.4567,87.426305478667,0.6,"CSTyolk DDbjuv DDyolk",1.748,1.493
"463",463,"Sablefish",1.828,0.2512,93.3790852547317,0.44,"CSTlarv DDbjuv DDyolk",1.748,1.493
"464",464,"Sablefish",1.739,0.2933,91.3260191924025,0.48,"CSTpjuv DDbjuv DDyolk",1.748,1.493
"465",465,"Sablefish",1.772,0.0638,97.2227233877401,0.16,"DDyolk LSTyolk MLDegg",1.748,1.493
"466",466,"Sablefish",1.709,0.0641,96.9301976843338,0.36,"DDyolk LSTlarv MLDegg",1.487,1.388
"467",467,"Sablefish",1.656,0.113,95.3885380016102,0.44,"DDyolk LSTpjuv MLDegg",1.334,1.581
"468",468,"Sablefish",1.601,0.303,90.8994433438551,0.52,"DDyolk LSTbjuv MLDegg",1.212,1.239
"469",469,"Sablefish",1.567,0.2592,92.464289712464,0.36,"CSTegg DDyolk MLDegg",1.457,1.32
"470",470,"Sablefish",1.582,0.2375,94.1941914471929,0.4,"CSTyolk DDyolk MLDegg",1.425,1.276
"471",471,"Sablefish",1.673,0.1069,96.0722420662219,0.36,"CSTlarv DDyolk MLDegg",1.748,1.493
"472",472,"Sablefish",1.662,0.2041,93.9688827430053,0.48,"CSTpjuv DDyolk MLDegg",1.748,1.493
"473",473,"Sablefish",1.72,0.0863,95.9012469764296,0.4,"CSTbjuv DDyolk MLDegg",1.487,1.388
"474",474,"Sablefish",1.664,0.136,95.1338916069351,0.44,"DDyolk LSTegg LSTpjuv",1.334,1.581
"475",475,"Sablefish",1.57,0.3309,90.434145082195,0.56,"DDyolk LSTbjuv LSTegg",1.212,1.239
"476",476,"Sablefish",1.695,0.1977,94.1350916447151,0.28,"CSTegg DDyolk LSTegg",1.457,1.32
"477",477,"Sablefish",1.621,0.2413,94.0663726183852,0.44,"CSTyolk DDyolk LSTegg",1.425,1.276
"478",478,"Sablefish",1.677,0.1409,95.4543687778603,0.4,"CSTlarv DDyolk LSTegg",1.748,1.493
"479",479,"Sablefish",1.683,0.1968,94.0673578103123,0.4,"CSTpjuv DDyolk LSTegg",1.748,1.493
"480",480,"Sablefish",1.717,0.0978,95.6830389064981,0.4,"CSTbjuv DDyolk LSTegg",1.487,1.388
"481",481,"Sablefish",1.78,0.114,95.4078915302002,0.32,"DDyolk LSTpjuv LSTyolk",1.334,1.581
"482",482,"Sablefish",1.595,0.3719,89.507103804132,0.52,"DDyolk LSTbjuv LSTyolk",1.212,1.239
"483",483,"Sablefish",1.643,0.1997,93.8589304045572,0.32,"CSTegg DDyolk LSTyolk",1.457,1.32
"484",484,"Sablefish",1.669,0.2319,94.2954333930719,0.36,"CSTyolk DDyolk LSTyolk",1.425,1.276
"485",485,"Sablefish",1.775,0.1081,96.0410010618566,0.24,"CSTlarv DDyolk LSTyolk",1.748,1.493
"486",486,"Sablefish",1.805,0.2306,93.5451330879913,0.4,"CSTpjuv DDyolk LSTyolk",1.748,1.493
"487",487,"Sablefish",1.72,0.0869,95.8845689922929,0.4,"CSTbjuv DDyolk LSTyolk",1.487,1.388
"488",488,"Sablefish",1.716,0.1251,95.2586486554051,0.36,"DDyolk LSTlarv LSTpjuv",1.334,1.581
"489",489,"Sablefish",1.612,0.3102,90.6240334614298,0.48,"DDyolk LSTbjuv LSTlarv",1.212,1.239
"490",490,"Sablefish",1.54,0.2519,92.2691937427672,0.44,"CSTegg DDyolk LSTlarv",1.457,1.32
"491",491,"Sablefish",1.59,0.2326,94.0736238744235,0.36,"CSTyolk DDyolk LSTlarv",1.425,1.276
"492",492,"Sablefish",1.69,0.1055,96.0456837582544,0.28,"CSTlarv DDyolk LSTlarv",1.487,1.388
"493",493,"Sablefish",1.725,0.1993,93.8504192280867,0.36,"CSTpjuv DDyolk LSTlarv",1.334,1.581
"494",494,"Sablefish",1.705,0.1016,95.4795397359388,0.32,"CSTbjuv DDyolk LSTlarv",1.212,1.239
"495",495,"Sablefish",1.654,0.2326,92.301985391608,0.36,"CSTegg DDyolk LSTpjuv",1.425,1.276
"496",496,"Sablefish",1.673,0.3102,92.734985413171,0.32,"CSTyolk DDyolk LSTpjuv",1.487,1.388
"497",497,"Sablefish",1.717,0.151,94.7239909043356,0.4,"CSTlarv DDyolk LSTpjuv",1.334,1.581
"498",498,"Sablefish",1.7,0.2666,91.1214798945114,0.48,"CSTbjuv DDyolk LSTpjuv",1.212,1.239
"499",499,"Sablefish",1.265,0.5433,82.2217586398319,0.6,"CSTegg DDyolk LSTbjuv",1.457,1.32
"500",500,"Sablefish",1.442,0.4645,86.6746542066596,0.52,"CSTyolk DDyolk LSTbjuv",1.425,1.276
"501",501,"Sablefish",1.69,0.3276,90.2772358940729,0.52,"CSTlarv DDyolk LSTbjuv",1.487,1.388
"502",502,"Sablefish",1.64,0.307,90.6849232707251,0.56,"CSTpjuv DDyolk LSTbjuv",1.425,1.276
"503",503,"Sablefish",1.48,0.3856,87.7493558038447,0.36,"CSTbjuv DDyolk LSTbjuv",1.457,1.32
"504",504,"Sablefish",1.655,0.2524,91.5239929712452,0.32,"CSTegg CSTpjuv DDyolk",1.425,1.276
"505",505,"Sablefish",1.776,0.274,91.6477920838624,0.52,"CSTbjuv CSTegg DDyolk",1.425,1.276
"506",506,"Sablefish",1.532,0.333,91.8086069381736,0.44,"CSTpjuv CSTyolk DDyolk",1.482,1.311
"507",507,"Sablefish",1.738,0.248,92.7730256096428,0.44,"CSTbjuv CSTyolk DDyolk",1.482,1.311
"508",508,"Sablefish",1.749,0.1426,94.3114117663808,0.4,"CSTbjuv CSTlarv DDyolk",1.482,1.311
"509",509,"Sablefish",1.912,0.1482,95.5865090809117,0.48,"DDbjuv DDlarv MLDegg",1.482,1.311
"510",510,"Sablefish",1.914,0.153,95.4677421660805,0.4,"DDbjuv DDlarv LSTegg",1.482,1.311
"511",511,"Sablefish",1.863,0.1529,95.4279022941934,0.4,"DDbjuv DDlarv LSTyolk",1.487,1.388
"512",512,"Sablefish",1.841,0.1551,95.2899218129874,0.4,"DDbjuv DDlarv LSTlarv",1.334,1.581
"513",513,"Sablefish",1.711,0.232,92.8126175800384,0.64,"DDbjuv DDlarv LSTpjuv",1.212,1.239
"514",514,"Sablefish",1.814,0.4475,86.9116376692324,0.68,"CSTegg DDbjuv DDlarv",1.457,1.32
"515",515,"Sablefish",1.772,0.4526,87.5465136997305,0.6,"CSTyolk DDbjuv DDlarv",1.596,1.375
"516",516,"Sablefish",1.809,0.2552,93.236192433523,0.52,"CSTlarv DDbjuv DDlarv",1.596,1.375
"517",517,"Sablefish",1.726,0.2842,91.288815352497,0.56,"CSTpjuv DDbjuv DDlarv",1.596,1.375
"518",518,"Sablefish",1.747,0.0217,97.6107059913606,0.24,"DDlarv LSTyolk MLDegg",1.596,1.375
"519",519,"Sablefish",1.661,0.0416,97.0960702075702,0.36,"DDlarv LSTlarv MLDegg",1.487,1.388
"520",520,"Sablefish",1.615,0.1051,95.3815106347032,0.52,"DDlarv LSTpjuv MLDegg",1.334,1.581
"521",521,"Sablefish",1.567,0.303,90.8996675493448,0.56,"DDlarv LSTbjuv MLDegg",1.212,1.239
"522",522,"Sablefish",1.495,0.2466,92.5591190909571,0.36,"CSTegg DDlarv MLDegg",1.457,1.32
"523",523,"Sablefish",1.616,0.1929,95.2045561019247,0.32,"CSTyolk DDlarv MLDegg",1.425,1.276
"524",524,"Sablefish",1.638,0.0615,96.5726982270862,0.32,"CSTlarv DDlarv MLDegg",1.596,1.375
"525",525,"Sablefish",1.657,0.1667,94.4329171472266,0.52,"CSTpjuv DDlarv MLDegg",1.596,1.375
"526",526,"Sablefish",1.689,0.0834,95.9804555666255,0.44,"CSTbjuv DDlarv MLDegg",1.487,1.388
"527",527,"Sablefish",1.602,0.1087,95.2805723430077,0.48,"DDlarv LSTegg LSTpjuv",1.334,1.581
"528",528,"Sablefish",1.564,0.308,90.7236188518873,0.56,"DDlarv LSTbjuv LSTegg",1.212,1.239
"529",529,"Sablefish",1.571,0.1953,94.030007167678,0.36,"CSTegg DDlarv LSTegg",1.457,1.32
"530",530,"Sablefish",1.637,0.1756,95.4372481804118,0.32,"CSTyolk DDlarv LSTegg",1.425,1.276
"531",531,"Sablefish",1.661,0.0703,96.5039124157381,0.36,"CSTlarv DDlarv LSTegg",1.596,1.375
"532",532,"Sablefish",1.644,0.1627,94.5162167170033,0.44,"CSTpjuv DDlarv LSTegg",1.596,1.375
"533",533,"Sablefish",1.65,0.092,95.7451353639939,0.44,"CSTbjuv DDlarv LSTegg",1.487,1.388
"534",534,"Sablefish",1.729,0.1082,95.36542812084,0.36,"DDlarv LSTpjuv LSTyolk",1.334,1.581
"535",535,"Sablefish",1.563,0.3704,89.5405442512115,0.56,"DDlarv LSTbjuv LSTyolk",1.212,1.239
"536",536,"Sablefish",1.565,0.2048,93.7116848221555,0.36,"CSTegg DDlarv LSTyolk",1.457,1.32
"537",537,"Sablefish",1.67,0.166,95.4504224311487,0.32,"CSTyolk DDlarv LSTyolk",1.425,1.276
"538",538,"Sablefish",1.726,0.0626,96.5431983958358,0.32,"CSTlarv DDlarv LSTyolk",1.596,1.375
"539",539,"Sablefish",1.748,0.2155,93.6656560413295,0.52,"CSTpjuv DDlarv LSTyolk",1.596,1.375
"540",540,"Sablefish",1.679,0.0847,95.9466990432347,0.48,"CSTbjuv DDlarv LSTyolk",1.487,1.388
"541",541,"Sablefish",1.665,0.1261,95.2116694898953,0.4,"DDlarv LSTlarv LSTpjuv",1.334,1.581
"542",542,"Sablefish",1.581,0.311,90.5963207367718,0.48,"DDlarv LSTbjuv LSTlarv",1.212,1.239
"543",543,"Sablefish",1.508,0.2525,92.2489245251442,0.4,"CSTegg DDlarv LSTlarv",1.457,1.32
"544",544,"Sablefish",1.572,0.1702,94.9028385394627,0.52,"CSTyolk DDlarv LSTlarv",1.425,1.276
"545",545,"Sablefish",1.641,0.0656,96.4615490681354,0.36,"CSTlarv DDlarv LSTlarv",1.487,1.388
"546",546,"Sablefish",1.671,0.1854,93.965618203652,0.44,"CSTpjuv DDlarv LSTlarv",1.334,1.581
"547",547,"Sablefish",1.672,0.0991,95.5491900227134,0.32,"CSTbjuv DDlarv LSTlarv",1.212,1.239
"548",548,"Sablefish",1.587,0.2462,91.8507536765851,0.48,"CSTegg DDlarv LSTpjuv",1.425,1.276
"549",549,"Sablefish",1.661,0.2428,93.6929541323266,0.4,"CSTyolk DDlarv LSTpjuv",1.487,1.388
"550",550,"Sablefish",1.664,0.151,94.678425809455,0.44,"CSTlarv DDlarv LSTpjuv",1.334,1.581
"551",551,"Sablefish",1.657,0.2844,90.6878817248538,0.44,"CSTbjuv DDlarv LSTpjuv",1.212,1.239
"552",552,"Sablefish",1.258,0.5402,82.384016071115,0.6,"CSTegg DDlarv LSTbjuv",1.457,1.32
"553",553,"Sablefish",1.412,0.466,86.6470611353577,0.6,"CSTyolk DDlarv LSTbjuv",1.425,1.276
"554",554,"Sablefish",1.664,0.33,90.2396812415747,0.52,"CSTlarv DDlarv LSTbjuv",1.487,1.388
"555",555,"Sablefish",1.584,0.3046,90.6971402382424,0.56,"CSTpjuv DDlarv LSTbjuv",1.425,1.276
"556",556,"Sablefish",1.49,0.3876,87.6638477902278,0.36,"CSTbjuv DDlarv LSTbjuv",1.457,1.32
"557",557,"Sablefish",1.581,0.2559,91.328493787719,0.32,"CSTegg CSTpjuv DDlarv",1.425,1.276
"558",558,"Sablefish",1.793,0.2821,91.3807833272615,0.52,"CSTbjuv CSTegg DDlarv",1.425,1.276
"559",559,"Sablefish",1.591,0.2731,92.8554799025479,0.48,"CSTpjuv CSTyolk DDlarv",1.783,1.463
"560",560,"Sablefish",1.734,0.2334,93.040511167807,0.44,"CSTbjuv CSTyolk DDlarv",1.783,1.463
"561",561,"Sablefish",1.727,0.1351,94.530536552522,0.36,"CSTbjuv CSTlarv DDlarv",1.783,1.463
"562",562,"Sablefish",1.778,0.0595,96.6260547364609,0.32,"DDpjuv LSTyolk MLDegg",1.783,1.463
"563",563,"Sablefish",1.694,0.0733,96.2543749421068,0.36,"DDpjuv LSTlarv MLDegg",1.487,1.388
"564",564,"Sablefish",1.741,0.1015,95.4828431828089,0.48,"DDpjuv LSTpjuv MLDegg",1.334,1.581
"565",565,"Sablefish",1.552,0.3815,89.3938338696707,0.56,"DDpjuv LSTbjuv MLDegg",1.212,1.239
"566",566,"Sablefish",1.621,0.2571,92.3050232481573,0.32,"CSTegg DDpjuv MLDegg",1.457,1.32
"567",567,"Sablefish",1.701,0.143,95.52859627736,0.28,"CSTyolk DDpjuv MLDegg",1.783,1.463
"568",568,"Sablefish",1.632,0.0991,95.5500738993891,0.4,"CSTlarv DDpjuv MLDegg",1.783,1.463
"569",569,"Sablefish",1.751,0.3712,91.5810454452983,0.48,"CSTpjuv DDpjuv MLDegg",1.487,1.388
"570",570,"Sablefish",1.574,0.2218,91.9748191659993,0.52,"CSTbjuv DDpjuv MLDegg",1.334,1.581
"571",571,"Sablefish",1.747,0.0965,95.6227344636416,0.32,"DDpjuv LSTegg LSTpjuv",1.212,1.239
"572",572,"Sablefish",1.531,0.3941,88.9473565904969,0.56,"DDpjuv LSTbjuv LSTegg",1.457,1.32
"573",573,"Sablefish",1.645,0.191,94.0136255988086,0.28,"CSTegg DDpjuv LSTegg",1.783,1.463
"574",574,"Sablefish",1.73,0.1435,95.5339151414197,0.36,"CSTyolk DDpjuv LSTegg",1.783,1.463
"575",575,"Sablefish",1.658,0.0997,95.5329357127775,0.36,"CSTlarv DDpjuv LSTegg",1.487,1.388
"576",576,"Sablefish",1.745,0.2839,93.1523929644457,0.32,"CSTpjuv DDpjuv LSTegg",1.334,1.581
"577",577,"Sablefish",1.562,0.2267,91.7302801797326,0.4,"CSTbjuv DDpjuv LSTegg",1.212,1.239
"578",578,"Sablefish",1.894,0.0984,95.5853020752612,0.28,"DDpjuv LSTpjuv LSTyolk",1.457,1.32
"579",579,"Sablefish",1.558,0.4409,88.0087905658328,0.48,"DDpjuv LSTbjuv LSTyolk",1.783,1.463
"580",580,"Sablefish",1.642,0.2005,93.6654111590458,0.28,"CSTegg DDpjuv LSTyolk",1.783,1.463
"581",581,"Sablefish",1.8,0.1481,95.3586917272984,0.36,"CSTyolk DDpjuv LSTyolk",1.487,1.388
"582",582,"Sablefish",1.77,0.1217,95.3293811959273,0.32,"CSTlarv DDpjuv LSTyolk",1.334,1.581
"583",583,"Sablefish",1.831,0.205,93.8319528295271,0.4,"CSTpjuv DDpjuv LSTyolk",1.212,1.239
"584",584,"Sablefish",1.632,0.2107,92.2423714111084,0.4,"CSTbjuv DDpjuv LSTyolk",1.457,1.32
"585",585,"Sablefish",1.826,0.1234,95.2372833263381,0.36,"DDpjuv LSTlarv LSTpjuv",1.487,1.388
"586",586,"Sablefish",1.605,0.3807,89.3729357841579,0.52,"DDpjuv LSTbjuv LSTlarv",1.334,1.581
"587",587,"Sablefish",1.58,0.2566,92.1131450152392,0.36,"CSTegg DDpjuv LSTlarv",1.212,1.239
"588",588,"Sablefish",1.681,0.1706,94.7552453990198,0.44,"CSTyolk DDpjuv LSTlarv",1.487,1.388
"589",589,"Sablefish",1.678,0.1039,95.4157959695727,0.36,"CSTlarv DDpjuv LSTlarv",1.334,1.581
"590",590,"Sablefish",1.76,0.3071,92.3402012454729,0.44,"CSTpjuv DDpjuv LSTlarv",1.212,1.239
"591",591,"Sablefish",1.567,0.2193,92.0088883177703,0.4,"CSTbjuv DDpjuv LSTlarv",1.457,1.32
"592",592,"Sablefish",1.744,0.2158,92.8685771887844,0.36,"CSTegg DDpjuv LSTpjuv",1.487,1.388
"593",593,"Sablefish",1.825,0.3345,92.6361400701134,0.28,"CSTyolk DDpjuv LSTpjuv",1.457,1.32
"594",594,"Sablefish",1.73,0.129,94.9311710948812,0.4,"CSTlarv DDpjuv LSTpjuv",1.482,1.311
"595",595,"Sablefish",1.576,0.2697,90.3003862195489,0.48,"CSTbjuv DDpjuv LSTpjuv",1.482,1.311
"596",596,"Sablefish",1.283,0.5799,80.2142160562532,0.56,"CSTegg DDpjuv LSTbjuv",1.482,1.311
"597",597,"Sablefish",1.356,0.5354,83.80718374591,0.48,"CSTyolk DDpjuv LSTbjuv",1.487,1.388
"598",598,"Sablefish",1.565,0.417,88.7080652626028,0.56,"CSTlarv DDpjuv LSTbjuv",1.334,1.581
"599",599,"Sablefish",1.669,0.4208,88.8706836552132,0.52,"CSTpjuv DDpjuv LSTbjuv",1.212,1.239
"600",600,"Sablefish",1.49,0.424,87.1534271243436,0.4,"CSTbjuv DDpjuv LSTbjuv",1.457,1.32
"601",601,"Sablefish",1.634,0.2398,91.8831224446707,0.48,"CSTegg CSTpjuv DDpjuv",1.482,1.311
"602",602,"Sablefish",1.7,0.3892,88.6231227755836,0.48,"CSTbjuv CSTegg DDpjuv",1.487,1.388
"603",603,"Sablefish",1.645,0.4038,90.2120599178568,0.48,"CSTpjuv CSTyolk DDpjuv",1.334,1.581
"604",604,"Sablefish",1.612,0.3157,90.5578783105047,0.36,"CSTbjuv CSTyolk DDpjuv",1.212,1.239
"605",605,"Sablefish",1.504,0.2684,90.3713379296541,0.4,"CSTbjuv CSTlarv DDpjuv",1.457,1.32
"606",606,"Sablefish",1.762,0.1238,96.1363220447889,0.36,"DDbjuv LSTyolk MLDegg",1.482,1.311
"607",607,"Sablefish",1.733,0.1368,95.713182141834,0.36,"DDbjuv LSTlarv MLDegg",1.487,1.388
"608",608,"Sablefish",1.696,0.1533,94.9161926057476,0.48,"DDbjuv LSTpjuv MLDegg",1.334,1.581
"609",609,"Sablefish",1.824,0.4953,86.04655165356,0.64,"CSTegg DDbjuv MLDegg",1.212,1.239
"610",610,"Sablefish",1.646,0.3554,90.6594077585422,0.6,"CSTyolk DDbjuv MLDegg",1.457,1.32
"611",611,"Sablefish",1.699,0.2089,94.5784708897961,0.32,"CSTlarv DDbjuv MLDegg",1.482,1.311
"612",612,"Sablefish",1.625,0.2278,92.9749843639135,0.44,"CSTpjuv DDbjuv MLDegg",1.487,1.388
"613",613,"Sablefish",1.714,0.1509,94.997789601783,0.48,"DDbjuv LSTegg LSTpjuv",1.334,1.581
"614",614,"Sablefish",1.744,0.3538,90.5838264784261,0.56,"CSTegg DDbjuv LSTegg",1.212,1.239
"615",615,"Sablefish",1.67,0.3557,90.6563588791796,0.48,"CSTyolk DDbjuv LSTegg",1.457,1.32
"616",616,"Sablefish",1.721,0.2019,94.7399712046398,0.28,"CSTlarv DDbjuv LSTegg",1.487,1.388
"617",617,"Sablefish",1.624,0.2278,92.9750326131348,0.4,"CSTpjuv DDbjuv LSTegg",1.334,1.581
"618",618,"Sablefish",1.868,0.1584,94.8563571287083,0.44,"DDbjuv LSTpjuv LSTyolk",1.212,1.239
"619",619,"Sablefish",1.744,0.3536,90.5421979149113,0.48,"CSTegg DDbjuv LSTyolk",1.487,1.388
"620",620,"Sablefish",1.68,0.3503,90.8252786892681,0.4,"CSTyolk DDbjuv LSTyolk",1.457,1.32
"621",621,"Sablefish",1.781,0.2012,94.6662505062957,0.2,"CSTlarv DDbjuv LSTyolk",1.195,1.066
"622",622,"Sablefish",1.698,0.2472,92.5205368150195,0.4,"CSTpjuv DDbjuv LSTyolk",1.05,1.164
"623",623,"Sablefish",1.767,0.1735,94.4965969134252,0.44,"DDbjuv LSTlarv LSTpjuv",1.487,1.388
"624",624,"Sablefish",1.662,0.3952,88.892686971603,0.48,"CSTegg DDbjuv LSTlarv",1.334,1.581
"625",625,"Sablefish",1.647,0.3655,90.2267399762986,0.44,"CSTyolk DDbjuv LSTlarv",1.212,1.239
"626",626,"Sablefish",1.727,0.2074,94.4904577966879,0.32,"CSTlarv DDbjuv LSTlarv",1.457,1.32
"627",627,"Sablefish",1.639,0.2429,92.5202337853305,0.4,"CSTpjuv DDbjuv LSTlarv",1.425,1.276
"628",628,"Sablefish",1.778,0.4075,88.4723054921017,0.64,"CSTegg DDbjuv LSTpjuv",1.336,1.183
"629",629,"Sablefish",1.939,0.3527,90.6437791577575,0.44,"CSTyolk DDbjuv LSTpjuv",1.05,1.164
"630",630,"Sablefish",1.819,0.2007,94.2473886540419,0.32,"CSTlarv DDbjuv LSTpjuv",1.487,1.388
"631",631,"Sablefish",1.681,0.4146,87.8009326135488,0.6,"CSTegg CSTpjuv DDbjuv",1.334,1.581
"632",632,"Sablefish",1.662,0.3835,89.2926460411824,0.52,"CSTpjuv CSTyolk DDbjuv",1.212,1.239
"633",633,"Sablefish",1.707,0.1064,95.6923733406985,0.48,"LSTpjuv LSTyolk MLDegg",1.457,1.32
"634",634,"Sablefish",1.544,0.3721,89.520416415262,0.52,"LSTbjuv LSTyolk MLDegg",1.425,1.276
"635",635,"Sablefish",1.485,0.2464,92.5618758956342,0.36,"CSTegg LSTyolk MLDegg",1.487,1.388
"636",636,"Sablefish",1.594,0.1438,95.6687387765885,0.28,"CSTyolk LSTyolk MLDegg",1.334,1.581
"637",637,"Sablefish",1.673,0.0534,96.7866577716288,0.24,"CSTlarv LSTyolk MLDegg",1.212,1.239
"638",638,"Sablefish",1.703,0.2075,93.8284922007742,0.44,"CSTpjuv LSTyolk MLDegg",1.425,1.276
"639",639,"Sablefish",1.684,0.0706,96.3270605969622,0.36,"CSTbjuv LSTyolk MLDegg",1.487,1.388
"640",640,"Sablefish",1.673,0.1293,95.3458020421816,0.48,"LSTlarv LSTpjuv MLDegg",1.334,1.581
"641",641,"Sablefish",1.573,0.3084,90.6876385969519,0.52,"LSTbjuv LSTlarv MLDegg",1.212,1.239
"642",642,"Sablefish",1.479,0.2761,91.5515915699055,0.44,"CSTegg LSTlarv MLDegg",1.457,1.32
"643",643,"Sablefish",1.534,0.171,94.8768027242583,0.52,"CSTyolk LSTlarv MLDegg",1.425,1.276
"644",644,"Sablefish",1.613,0.0634,96.5223976631424,0.36,"CSTlarv LSTlarv MLDegg",1.487,1.388
"645",645,"Sablefish",1.637,0.1844,93.9902942008432,0.48,"CSTpjuv LSTlarv MLDegg",1.425,1.276
"646",646,"Sablefish",1.697,0.0934,95.7063850118672,0.28,"CSTbjuv LSTlarv MLDegg",1.457,1.32
"647",647,"Sablefish",1.546,0.3229,90.4874802680967,0.32,"CSTegg LSTpjuv MLDegg",1.425,1.276
"648",648,"Sablefish",1.62,0.245,93.7491166977085,0.4,"CSTyolk LSTpjuv MLDegg",1.425,1.276
"649",649,"Sablefish",1.652,0.1363,95.1637305218486,0.36,"CSTlarv LSTpjuv MLDegg",1.487,1.388
"650",650,"Sablefish",1.815,0.2516,91.8776786662539,0.52,"CSTbjuv LSTpjuv MLDegg",1.334,1.581
"651",651,"Sablefish",1.201,0.5553,81.5394851200029,0.6,"CSTegg LSTbjuv MLDegg",1.212,1.239
"652",652,"Sablefish",1.432,0.4307,87.4007201053891,0.64,"CSTyolk LSTbjuv MLDegg",1.425,1.276
"653",653,"Sablefish",1.658,0.3268,90.2631670460774,0.56,"CSTlarv LSTbjuv MLDegg",1.487,1.388
"654",654,"Sablefish",1.558,0.3028,90.7586188579623,0.6,"CSTpjuv LSTbjuv MLDegg",1.334,1.581
"655",655,"Sablefish",1.481,0.3849,87.7969561570004,0.4,"CSTbjuv LSTbjuv MLDegg",1.212,1.239
"656",656,"Sablefish",1.473,0.336,89.5672489566384,0.44,"CSTegg CSTpjuv MLDegg",1.457,1.32
"657",657,"Sablefish",1.774,0.3348,89.8725707659053,0.6,"CSTbjuv CSTegg MLDegg",1.425,1.276
"658",658,"Sablefish",1.522,0.2639,92.9321307253867,0.52,"CSTpjuv CSTyolk MLDegg",1.487,1.388
"659",659,"Sablefish",1.66,0.2222,93.4065738905539,0.48,"CSTbjuv CSTyolk MLDegg",1.425,1.276
"660",660,"Sablefish",1.729,0.109,95.2733454432743,0.36,"CSTbjuv CSTlarv MLDegg",1.457,1.32
"661",661,"Sablefish",1.667,0.2494,92.6192597760292,0.32,"CSTegg LSTegg LSTpjuv",1.425,1.276
"662",662,"Sablefish",1.655,0.2532,93.6251732778772,0.32,"CSTyolk LSTegg LSTpjuv",1.425,1.276
"663",663,"Sablefish",1.688,0.1353,95.2147079278813,0.32,"CSTlarv LSTegg LSTpjuv",1.487,1.388
"664",664,"Sablefish",1.815,0.2325,92.3866658909979,0.48,"CSTbjuv LSTegg LSTpjuv",1.334,1.581
"665",665,"Sablefish",1.267,0.5392,82.4242665250505,0.6,"CSTegg LSTbjuv LSTegg",1.212,1.239
"666",666,"Sablefish",1.466,0.4331,87.2825519912485,0.6,"CSTyolk LSTbjuv LSTegg",1.425,1.276
"667",667,"Sablefish",1.668,0.3365,89.9665315721468,0.56,"CSTlarv LSTbjuv LSTegg",1.487,1.388
"668",668,"Sablefish",1.581,0.3087,90.5619027230827,0.52,"CSTpjuv LSTbjuv LSTegg",1.334,1.581
"669",669,"Sablefish",1.463,0.3939,87.4493995671646,0.4,"CSTbjuv LSTbjuv LSTegg",1.212,1.239
"670",670,"Sablefish",1.578,0.2517,91.572449071988,0.36,"CSTegg CSTpjuv LSTegg",1.457,1.32
"671",671,"Sablefish",1.855,0.2512,92.4222694983608,0.48,"CSTbjuv CSTegg LSTegg",1.425,1.276
"672",672,"Sablefish",1.558,0.2674,92.895429977897,0.52,"CSTpjuv CSTyolk LSTegg",1.487,1.388
"673",673,"Sablefish",1.735,0.2156,93.6153921200627,0.36,"CSTbjuv CSTyolk LSTegg",1.425,1.276
"674",674,"Sablefish",1.747,0.1079,95.304946404102,0.36,"CSTbjuv CSTlarv LSTegg",1.457,1.32
"675",675,"Sablefish",1.696,0.2947,92.0222139976585,0.28,"CSTegg LSTpjuv LSTyolk",1.425,1.276
"676",676,"Sablefish",1.824,0.3054,92.7179203828212,0.32,"CSTyolk LSTpjuv LSTyolk",1.425,1.276
"677",677,"Sablefish",1.858,0.1614,94.9136015034739,0.32,"CSTlarv LSTpjuv LSTyolk",1.487,1.388
"678",678,"Sablefish",1.992,0.2315,92.370198680352,0.48,"CSTbjuv LSTpjuv LSTyolk",1.334,1.581
"679",679,"Sablefish",1.298,0.5393,82.4097835106636,0.56,"CSTegg LSTbjuv LSTyolk",1.212,1.239
"680",680,"Sablefish",1.507,0.4755,86.36636207113,0.52,"CSTyolk LSTbjuv LSTyolk",1.425,1.276
"681",681,"Sablefish",1.661,0.404,88.7678462532954,0.52,"CSTlarv LSTbjuv LSTyolk",1.487,1.388
"682",682,"Sablefish",1.606,0.3801,89.1237807672681,0.6,"CSTpjuv LSTbjuv LSTyolk",1.334,1.581
"683",683,"Sablefish",1.484,0.4254,87.1342981219219,0.32,"CSTbjuv LSTbjuv LSTyolk",1.212,1.239
"684",684,"Sablefish",1.671,0.2563,91.2770069736225,0.36,"CSTegg CSTpjuv LSTyolk",1.457,1.32
"685",685,"Sablefish",1.838,0.2549,92.2721839783579,0.4,"CSTbjuv CSTegg LSTyolk",1.425,1.276
"686",686,"Sablefish",1.684,0.2775,92.6192744398674,0.52,"CSTpjuv CSTyolk LSTyolk",1.487,1.388
"687",687,"Sablefish",1.722,0.2165,93.5685307285002,0.36,"CSTbjuv CSTyolk LSTyolk",1.425,1.276
"688",688,"Sablefish",1.792,0.1083,95.294405161955,0.28,"CSTbjuv CSTlarv LSTyolk",1.457,1.32
"689",689,"Sablefish",1.599,0.3631,89.9212047335296,0.44,"CSTegg LSTlarv LSTpjuv",1.425,1.276
"690",690,"Sablefish",1.659,0.3054,92.148625402141,0.4,"CSTyolk LSTlarv LSTpjuv",1.425,1.276
"691",691,"Sablefish",1.734,0.1565,94.8143495901757,0.32,"CSTlarv LSTlarv LSTpjuv",1.425,1.276
"692",692,"Sablefish",1.884,0.2538,91.9286099242809,0.44,"CSTbjuv LSTlarv LSTpjuv",1.425,1.276
"693",693,"Sablefish",1.258,0.5465,82.001416902229,0.56,"CSTegg LSTbjuv LSTlarv",1.425,1.276
"694",694,"Sablefish",1.502,0.4354,87.1659019126684,0.52,"CSTyolk LSTbjuv LSTlarv",1.487,1.388
"695",695,"Sablefish",1.722,0.3248,90.3085904198277,0.48,"CSTlarv LSTbjuv LSTlarv",1.425,1.276
"696",696,"Sablefish",1.637,0.3059,90.6292468905256,0.52,"CSTpjuv LSTbjuv LSTlarv",1.457,1.32
"697",697,"Sablefish",1.516,0.3855,87.7625666615002,0.36,"CSTbjuv LSTbjuv LSTlarv",1.425,1.276
"698",698,"Sablefish",1.59,0.3259,89.9443012079022,0.44,"CSTegg CSTpjuv LSTlarv",1.425,1.276
"699",699,"Sablefish",1.8,0.3085,90.4560948098266,0.44,"CSTbjuv CSTegg LSTlarv",NA,NA
"700",700,"Sablefish",1.616,0.2917,92.0812668329983,0.48,"CSTpjuv CSTyolk LSTlarv",NA,NA
"701",701,"Sablefish",1.689,0.2429,92.7203054787608,0.48,"CSTbjuv CSTyolk LSTlarv",NA,NA
"702",702,"Sablefish",1.755,0.1178,95.0254254186455,0.32,"CSTbjuv CSTlarv LSTlarv",NA,NA
"703",703,"Sablefish",1.724,0.4282,87.4179116839157,0.52,"CSTbjuv CSTegg LSTpjuv",NA,NA
"704",704,"Sablefish",1.651,0.3974,88.7118685447198,0.44,"CSTbjuv CSTyolk LSTpjuv",NA,NA
"705",705,"Sablefish",1.9,0.2659,91.586672862762,0.4,"CSTbjuv CSTlarv LSTpjuv",NA,NA
"706",706,"Sablefish",1.289,0.5417,82.2950259130627,0.56,"CSTegg CSTpjuv LSTbjuv",NA,NA
"707",707,"Sablefish",1.248,0.6131,78.1352434624603,0.6,"CSTbjuv CSTegg LSTbjuv",NA,NA
"708",708,"Sablefish",1.456,0.431,87.3568823692745,0.6,"CSTpjuv CSTyolk LSTbjuv",NA,NA
"709",709,"Sablefish",1.419,0.5131,83.5910734369896,0.56,"CSTbjuv CSTyolk LSTbjuv",NA,NA
"710",710,"Sablefish",1.601,0.3946,87.4169891236987,0.4,"CSTbjuv CSTlarv LSTbjuv",NA,NA
